<Objects>
	<Object>
		<ID>0</ID>
		<Type>flock</Type>
		<NAME>Thunfisch</NAME>
		<MAX_BOIDS>200</MAX_BOIDS>
		<START_BOIDS>200</START_BOIDS>
		<TEXTURE_PATH>Thunfisch.png</TEXTURE_PATH>
		<ICON_PATH>thuna.png</ICON_PATH>
		<MAX_SPEED>8.0</MAX_SPEED>
		<Connections>
			<CID>3</CID>
			<CID>4</CID>
		</Connections>
	</Object>
	<Object>
		<ID>1</ID>
		<Type>flock</Type>
		<NAME>Futterfisch</NAME>
		<MAX_BOIDS>800</MAX_BOIDS>
		<START_BOIDS>800</START_BOIDS>
		<TEXTURE_PATH>futter.png</TEXTURE_PATH>
		<ICON_PATH></ICON_PATH>
		<MAX_SPEED>1.0</MAX_SPEED>
		<Connections>
		</Connections>
	</Object>
	<Object>
		<ID>2</ID>
		<Type>flock</Type>
		<NAME>Turtle</NAME>
		<MAX_BOIDS>50</MAX_BOIDS>
		<START_BOIDS>50</START_BOIDS>
		<TEXTURE_PATH>Turtle.png</TEXTURE_PATH>
		<ICON_PATH>turtle.png</ICON_PATH>
		<MAX_SPEED>0.4</MAX_SPEED>
		<Connections>
			<CID>3</CID>
		</Connections>
	</Object>

	<Object>
		<ID>3</ID>
		<Type>converter</Type>
		<NAME>Schiff</NAME>
		<ICON_PATH>ship.png</ICON_PATH>
		<Connections>
			<CID>0</CID>
			<CID>2</CID>
		</Connections>
	</Object>
	<Object>
		<ID>4</ID>
		<Type>converter</Type>
		<NAME>Aquakultur</NAME>
		<ICON_PATH>aqua.png</ICON_PATH>
		<Connections>
			<CID>0</CID>
		</Connections>
	</Object>

</Objects>