<Objects>
	<Object>
		<ID>0</ID>
		<topicNumber>7</topicNumber>
		<Type>flock</Type>
		<NAME>Hai</NAME>
		<MAX_BOIDS>40</MAX_BOIDS>
		<START_BOIDS>40</START_BOIDS>
		<maxGroupSize>5</maxGroupSize>
		<TEXTURE_PATH>shark.png</TEXTURE_PATH>
		<ICON_PATH>shark.png</ICON_PATH>
		<MAX_SPEED>3.0</MAX_SPEED>
		<sightDistance>160.0</sightDistance>
		<tooCloseDistance>140.0</tooCloseDistance>
		<length>50.0</length>
		<weight>0.2</weight>
		<Connections>
			<CID>10</CID>
		</Connections>
		<growBack>1</growBack>
		<growBackTime>4000</growBackTime>
		<fleeFromHarvester>1</fleeFromHarvester>
		<fleeSpeed>6.0</fleeSpeed>
	</Object>
	
	<Object>
		<ID>1</ID>
		<topicNumber>4</topicNumber>
		<Type>flock</Type>
		<NAME>Shrimp</NAME>
		<MAX_BOIDS>500</MAX_BOIDS>
		<START_BOIDS>500</START_BOIDS>
		<TEXTURE_PATH>shrimp.png</TEXTURE_PATH>
		<ICON_PATH>shrimp.png</ICON_PATH>
		<MAX_SPEED>0.2</MAX_SPEED>
		<sightDistance>40.0</sightDistance>
		<tooCloseDistance>40.0</tooCloseDistance>
		<length>20.0</length>
		<weight>0.1</weight>
		<numberOfBones>2</numberOfBones>
		<Connections>
			<CID>10</CID>
			<CID>11</CID>
		</Connections>
		<growBack>1</growBack>
		<growBackTime>5000</growBackTime>
		<fleeFromHarvester>1</fleeFromHarvester>
		<fleeSpeed>0.8</fleeSpeed>
	</Object>
	<Object>
		<ID>2</ID>
		<topicNumber>1</topicNumber>
		<Type>flock</Type>
		<Predators>
			<ID>2</ID>
		</Predators>
		<NAME>Thunfisch</NAME>
		<MAX_BOIDS>300</MAX_BOIDS>
		<START_BOIDS>300</START_BOIDS>
		<TEXTURE_PATH>thuna.png</TEXTURE_PATH>
		<ICON_PATH>thuna.png</ICON_PATH>
		<MAX_SPEED>4.0</MAX_SPEED>
		<sightDistance>120.0</sightDistance>
		<tooCloseDistance>50.0</tooCloseDistance>
		<length>35.0</length>
		<weight>0.1</weight>
		<Connections>
			<CID>10</CID>
			<CID>11</CID>
		</Connections>
		<growBack>1</growBack>
		<growBackTime>5000</growBackTime>
		<fleeFromHarvester>1</fleeFromHarvester>
		<fleeSpeed>8.0</fleeSpeed>
	</Object>
	
	<Object>
		<ID>3</ID>
		<topicNumber>9</topicNumber>
		<Type>flock</Type>
		<NAME>Delfin</NAME>
		<MAX_BOIDS>150</MAX_BOIDS>
		<START_BOIDS>150</START_BOIDS>
		<maxGroupSize>5</maxGroupSize>
		<TEXTURE_PATH>dolphin.png</TEXTURE_PATH>
		<ICON_PATH>dolphin.png</ICON_PATH>
		<MAX_SPEED>5.0</MAX_SPEED>
		<sightDistance>140.0</sightDistance>
		<tooCloseDistance>70.0</tooCloseDistance>
		<length>50.0</length>
		<weight>0.3</weight>
		<Connections>
			<CID>10</CID>
		</Connections>
		<growBack>1</growBack>
		<growBackTime>5000</growBackTime>
		<fleeFromHarvester>1</fleeFromHarvester>
		<fleeSpeed>8.0</fleeSpeed>
	</Object>
	<Object>
		<ID>4</ID>
		<Type>flock</Type>
		<NAME>Qualle</NAME>
		<MAX_BOIDS>600</MAX_BOIDS>
		<START_BOIDS>100</START_BOIDS>
		<TEXTURE_PATH>qualle.png</TEXTURE_PATH>
		<ICON_PATH>qualle.png</ICON_PATH>
		<MAX_SPEED>0.1</MAX_SPEED>
		<sightDistance>20.0</sightDistance>
		<tooCloseDistance>30.0</tooCloseDistance>
		<length>20.0</length>
		<numberOfBones>2</numberOfBones>
		<Connections>
		</Connections>
		<growBack>0</growBack>
		<growBackTime>500</growBackTime>
		<isJellyFish>1</isJellyFish>
		<contractScale>0.5</contractScale>
		<contractSpeed>200</contractSpeed>
		<expandSpeed>800</expandSpeed>
	</Object>
	<Object>
		<ID>5</ID>
		<Type>flock</Type>
		<Predators>
			<ID>2</ID>
		</Predators>
		<NAME>Futterfisch</NAME>
		<MAX_BOIDS>300</MAX_BOIDS>
		<START_BOIDS>300</START_BOIDS>
		<TEXTURE_PATH>feeding_fish.png</TEXTURE_PATH>
		<ICON_PATH></ICON_PATH>
		<MAX_SPEED>2.0</MAX_SPEED>
		<sightDistance>100.0</sightDistance>
		<tooCloseDistance>60.0</tooCloseDistance>
		<length>20.0</length>
		<weight>0.2</weight>
		<Connections>
		</Connections>
		<growBack>1</growBack>
		<growBackTime>7000</growBackTime>
		<fleeFromHarvester>1</fleeFromHarvester>
		<fleeSpeed>8.0</fleeSpeed>
	</Object>
	<Object>
		<ID>6</ID>
		<Type>flock</Type>
		<Predators>
			<ID>2</ID>
		</Predators>
		<NAME>Futterfisch</NAME>
		<MAX_BOIDS>300</MAX_BOIDS>
		<START_BOIDS>300</START_BOIDS>
		<TEXTURE_PATH>feeding_fish.png</TEXTURE_PATH>
		<ICON_PATH></ICON_PATH>
		<MAX_SPEED>2.2</MAX_SPEED>
		<sightDistance>100.0</sightDistance>
		<tooCloseDistance>60.0</tooCloseDistance>
		<length>15.0</length>
		<weight>0.2</weight>
		<Connections>
		</Connections>
		<growBack>1</growBack>
		<growBackTime>7000</growBackTime>
		<fleeFromHarvester>1</fleeFromHarvester>
		<fleeSpeed>8.0</fleeSpeed>
	</Object>
	<Object>
		<ID>7</ID>
		<Type>flock</Type>
		<NAME>Qualle</NAME>
		<MAX_BOIDS>600</MAX_BOIDS>
		<START_BOIDS>100</START_BOIDS>
		<TEXTURE_PATH>qualle.png</TEXTURE_PATH>
		<ICON_PATH>qualle.png</ICON_PATH>
		<MAX_SPEED>0.1</MAX_SPEED>
		<sightDistance>20.0</sightDistance>
		<tooCloseDistance>30.0</tooCloseDistance>
		<length>22.0</length>
		<numberOfBones>2</numberOfBones>
		<Connections>
		</Connections>
		<growBack>0</growBack>
		<growBackTime>500</growBackTime>
		<isJellyFish>1</isJellyFish>
		<contractScale>0.5</contractScale>
		<contractSpeed>200</contractSpeed>
		<expandSpeed>800</expandSpeed>
	</Object>
	<Object>
		<ID>10</ID>
		<Type>converter</Type>
		<NAME>Schiff</NAME>
		<ICON_PATH>ship.png</ICON_PATH>
		<Connections>
			<CID>2</CID>
			<CID>1</CID>
			<CID>0</CID>
			<CID>3</CID>
		</Connections>
	</Object>
	<Object>
		<ID>11</ID>
		<Type>converter</Type>
		<NAME>Aquakultur</NAME>
		<ICON_PATH>aquacultur.png</ICON_PATH>
		<Connections>
			<CID>2</CID>
			<CID>1</CID>
		</Connections>
	</Object>

</Objects>