<?xml version="1.0" encoding="UTF-8"?>
<stories>
	<story>
		<description>Story: Thunfische/Schiff</description>
		<topicNumber>2</topicNumber>
		<flock>2</flock>
		<converter>10</converter>
		<task>
			<no>0</no>
			<description>Aktion: Einfange der Thunfische</description>
			<actionNumber>2</actionNumber>
			<catchIDs>
				<catchID>
					<ID>2</ID>
				</catchID>
			</catchIDs>
			<bycatchIDs>
			</bycatchIDs>
			<catchSize>20</catchSize>
			<taskMessage>Ziehe eine Langleine</taskMessage>

			<quantity>40</quantity>
			<harvester>longline</harvester>
			<targetSize>50.0</targetSize>
			<dieAfterCatch>1</dieAfterCatch>
		</task>
		<finalMessage>Gratulation/n Du hast 20 Tonnen Thunfische gefangen</finalMessage>
		<finalFactImage>Winscreen_Tuna_Boot.png</finalFactImage>
		<factNumber>
			<x>444</x>
			<y>355</y>
			<number>3</number> // 0 = catechedQuantity - 1 = byCatch 
			<multiplier>1.0</multiplier>
			<unit>t</unit>
			<fontSize>100</fontSize>
		</factNumber>
		<factNumber>
			<x>885</x>
			<y>741</y>
			<number>3</number> // 0 = catechedQuantity - 1 = byCatch 
			<multiplier>12500</multiplier>
			<unit></unit>
			<fontSize>60</fontSize>
		</factNumber>


	</story>

	<story>
		<description>Story: Thunfische/Aquakultur</description>
		<topicNumber>3</topicNumber>
		<flock>2</flock>
		<converter>11</converter>
		<task>
			<no>0</no>
			<description>Aktion: Einfange der Thunfische</description>
			<catchIDs>
				<catchID>
					<ID>2</ID>
				</catchID>
			</catchIDs>
			
			<bycatchIDs>
			</bycatchIDs>
			<catchSize>10</catchSize>
			<taskMessage>Fange Thunfische</taskMessage>
			<finalMessage>10 Tonnen Thunfische gefangen</finalMessage>
			<quantity>20</quantity>

			<harvester>Net</harvester>
			<targetSize>80.0</targetSize>
			<dieAfterCatch>0</dieAfterCatch>
			<progress>circle</progress>
		</task>
		<task>
			<no>1</no>
			<description>Aktion: Füttern der Thunfische</description>
			<catchIDs>
				<catchID>
					<ID>5</ID>
				</catchID>
				<catchID>
					<ID>6</ID>
				</catchID>
			</catchIDs>
			
			<bycatchIDs>
			</bycatchIDs>
			<catchSize>10</catchSize>
			<taskMessage>Füttere die Thunfische</taskMessage>
			<quantity>50</quantity>
			<harvester>Net</harvester>
			<targetSize>80.0</targetSize>
			<dieAfterCatch>1</dieAfterCatch>
			<progress>amount</progress>
		</task>
		<finalMessage>Gratulation/n Du hast 50 Tonnen Futterfisch für 20 Tonnen Thunfisch benötigt!</finalMessage>
		<finalFactImage>Winscreen_Tuna_Aquakultur.png</finalFactImage>
		<factNumber>
			<x>430</x>
			<y>408</y>
			<number>5</number> // 0 = catechedQuantity - 1 = byCatch - 2 = finishedCatchedQuantity
			<multiplier>1</multiplier>
			<unit>t</unit>
			<fontSize>100</fontSize>
		</factNumber>
		<factNumber>
			<x>714</x>
			<y>529</y>
			<number>5</number> // 0 = catechedQuantity - 1 = byCatch 
			<multiplier>20</multiplier>
			<unit>t</unit>
			<fontSize>100</fontSize>
		</factNumber>
		<factNumber>
			<x>226</x>
			<y>659</y>
			<number>5</number> // 0 = catechedQuantity - 1 = byCatch 
			<multiplier>20</multiplier>
			<unit>t</unit>
			<fontSize>60</fontSize>
		</factNumber>
		<factNumber>
			<x>901</x>
			<y>659</y>
			<number>5</number> // 0 = catechedQuantity - 1 = byCatch 
			<multiplier>2220</multiplier>
			<unit></unit>
			<fontSize>60</fontSize>
		</factNumber>
	</story>

	<story>
		<description>Story: Shrimp/Schiff</description>
		<topicNumber>5</topicNumber>
		<flock>1</flock>
		<converter>10</converter>
		<task>
			<no>0</no>
			<description>Aktion: Einfangen der Shrimps</description>
			<actionNumber>2</actionNumber>
			<catchIDs>
				<catchID>
					<ID>1</ID>
				</catchID>
			</catchIDs>
			
			<bycatchIDs>
				<bycatchID>
					<ID>5</ID>
				</bycatchID>
				<bycatchID>
					<ID>6</ID>
				</bycatchID>
			</bycatchIDs>
			<catchSize>20</catchSize>
			<taskMessage>Fange Shrimps</taskMessage>
			<quantity>40</quantity>
			<harvester>Net</harvester>
			<targetSize>50.0</targetSize>
			<dieAfterCatch>1</dieAfterCatch>
		</task>
		<finalMessage>Gratulation/n Du hast 20 Tonnen Shrimps gefangen</finalMessage>
		<finalFactImage>Winscreen_Shrimp_Boot.png</finalFactImage>
		<factNumber>
			<x>444</x>
			<y>322</y>
			<number>3</number> // 0 = catechedQuantity - 1 = byCatch - 2 = finishedCatchedQuantity
			<multiplier>1.0</multiplier>
			<unit>t</unit>
			<fontSize>100</fontSize>
		</factNumber>
		<factNumber>
			<x>1180</x>
			<y>442</y>
			<number>4</number> // 0 = catechedQuantity - 1 = byCatch 
			<multiplier>1</multiplier>
			<unit>t</unit>
			<fontSize>100</fontSize>
		</factNumber>
		<factNumber>
			<x>814</x>
			<y>708</y>
			<number>4</number> // 0 = catechedQuantity - 1 = byCatch 
			<multiplier>111</multiplier>
			<fontSize>60</fontSize>
		</factNumber>
	</story>
	<story>
		<description>Story: Shrimp/Aquakultur</description>
		<topicNumber>6</topicNumber>
		<flock>1</flock>
		<converter>11</converter>
		<task>
			<no>0</no>
			<description>Aktion: Einfange der Shrimps</description>
			<catchIDs>
				<catchID>
					<ID>1</ID>
				</catchID>
			</catchIDs>
			
			<bycatchIDs>
			</bycatchIDs>
			<catchSize>10</catchSize>
			<taskMessage>Fange Shrimps</taskMessage>
			<quantity>20</quantity>
			<harvester>Net</harvester>
			<targetSize>80.0</targetSize>
			<dieAfterCatch>0</dieAfterCatch>
		</task>
		<task>
			<no>1</no>
			<description>Aktion: Füttern der Shrimps</description>
			<catchIDs>
				<catchID>
					<ID>5</ID>
				</catchID>
				<catchID>
					<ID>6</ID>
				</catchID>
			</catchIDs>
			
			<bycatchIDs>
			</bycatchIDs>
			<catchSize>10</catchSize>
			<taskMessage>Füttere die Shrimps</taskMessage>
			<quantity>50</quantity>
			<harvester>Net</harvester>
			<targetSize>80.0</targetSize>
			<dieAfterCatch>1</dieAfterCatch>
			<progress>amount</progress>
		</task>
		<finalMessage>Gratulation Du hast 20 Tonnen Shrimp produziert</finalMessage>
		<finalFactImage>Winscreen_Shrimp_Aquakultur.png</finalFactImage>
		<factNumber>
			<x>427</x>
			<y>400</y>
			<number>5</number> // 0 = catechedQuantity, 1 = byCatch,2 = finishedCatchedQuantity, 3 = weightCatchedQuantity, 4 = weightBycatch, 5 = weightFinished
			<multiplier>1.0</multiplier>
			<unit>t</unit>
			<fontSize>100</fontSize>
		</factNumber>
		<factNumber>
			<x>715</x>
			<y>520</y>
			<number>5</number> // 0 = catechedQuantity - 1 = byCatch 
			<multiplier>20</multiplier>
			<unit>t</unit>
			<fontSize>100</fontSize>
		</factNumber>
		<factNumber>
			<x>312</x>
			<y>648</y>
			<number>5</number> // 0 = catechedQuantity - 1 = byCatch 
			<multiplier>20</multiplier>
			<unit>t</unit>
			<fontSize>60</fontSize>
		</factNumber>
		<factNumber>
			<x>88</x>
			<y>720</y>
			<number>5</number> // 0 = catechedQuantity - 1 = byCatch 
			<multiplier>90</multiplier>
			<unit>t</unit>
			<fontSize>60</fontSize>
		</factNumber>
	</story>
	<story>
		<description>Story: Hai/Schiff</description>
		<topicNumber>8</topicNumber>
		<flock>0</flock>
		<converter>10</converter>
		<task>
			<no>0</no>
			<description>Aktion: Einfange der Hais</description>
			<type>fraction</type>
			<percent>20</percent>
			<catchIDs>
				<catchID>
					<ID>0</ID>
				</catchID>
			</catchIDs>
			<bycatchIDs>
			</bycatchIDs>
			<catchSize>10</catchSize>
			<taskMessage>Ziehe eine Langleine</taskMessage>
			<quantity>4</quantity>
			<harvester>longline</harvester>
			<targetSize>50.0</targetSize>
			<dieAfterCatch>1</dieAfterCatch>
		</task>
		<finalMessage>Gratulation Du hast 20 Tonnen Haie gefangen</finalMessage>
		<finalFactImage>Winscreen_Hai.png</finalFactImage>
		<factNumber>
			<x>440</x>
			<y>322</y>
			<number>7</number> // 0 = catchedQuantity - 1 = byCatch - 2 = finishedCatchedQuantity
			<multiplier>1</multiplier>
			<unit>t</unit>
			<fontSize>100</fontSize>
		</factNumber>
		<factNumber>
			<x>958</x>
			<y>324</y>
			<number>6</number> // 0 = catchedQuantity - 1 = byCatch - 2 = finishedCatchedQuantity
			<multiplier>1</multiplier>
			<unit></unit>
			<fontSize>100</fontSize>
		</factNumber>
		<factNumber>
			<x>1020</x>
			<y>442</y>
			<number>7</number> // 0 = catchedQuantity - 1 = byCatch 
			<multiplier>0.04</multiplier>
			<unit>t</unit>
			<presicion>2</presicion>
			<fontSize>100</fontSize>
		</factNumber>
	</story>
	<story>
		<description>Story: Delfin/Schiff</description>
		<topicNumber>10</topicNumber>
		<flock>3</flock>
		<converter>10</converter>
		<unit>stk</unit>
		<task>
			<no>0</no>
			<type>fraction</type>
			<percent>10</percent>
			<description>Aktion: Einfange der Delfine</description>
			<catchIDs>
				<catchID>
					<ID>3</ID>
				</catchID>
			</catchIDs>
			<bycatchIDs>
			</bycatchIDs>
			<catchSize>10</catchSize>
			<taskMessage>Fange Delfine</taskMessage>
			<quantity>3</quantity>
			<harvester>Net</harvester>
			<targetSize>40.0</targetSize>
			<dieAfterCatch>1</dieAfterCatch>
		</task>
		<finalMessage>Gratulation Du hast 20 Tonnen Delfine gefangen</finalMessage>
		<finalFactImage>Winscreen_Delfin.png</finalFactImage>
		<factNumber>
			<x>572</x>
			<y>329</y>
			<number>6</number> // 0 = catechedQuantity - 1 = byCatch - 2 = finishedCatchedQuantity
			<multiplier>1.0</multiplier>
			<unit></unit>
			<fontSize>100</fontSize>
		</factNumber>
		<factNumber>
			<x>448</x>
			<y>448</y>
			<number>0</number> // 0 = catechedQuantity - 1 = byCatch 
			<multiplier>1.0</multiplier>
			<fontSize>100</fontSize>
		</factNumber>
	</story>
</stories>